source_speaker, target_speaker
Zwitserlood_678_wav_01, UltraSuite_core-ux2020_21M
Zwitserlood_678_wav_01, UltraSuite_core-upx_08M
Zwitserlood_678_wav_04, UltraSuite_core-upx_02F
Zwitserlood_678_wav_04, UltraSuite_core-ux2020_28F
Zwitserlood_678_wav_07, UltraSuite_core-upx_18F
Zwitserlood_678_wav_07, UltraSuite_core-upx_16M
Zwitserlood_678_wav_08, UltraSuite_core-upx_15M
Zwitserlood_678_wav_08, UltraSuite_core-upx_09M
Zwitserlood_678_wav_09, UltraSuite_core-ux2020_28F
Zwitserlood_678_wav_09, UltraSuite_core-upx_07M
Zwitserlood_678_wav_10, UltraSuite_core-ux2020_24F
Zwitserlood_678_wav_10, UltraSuite_core-ux2020_28F
Zwitserlood_678_wav_11, UltraSuite_core-uxssd_01M
Zwitserlood_678_wav_11, UltraSuite_core-ux2020_15M
Zwitserlood_678_wav_12, UltraSuite_core-upx_06M
Zwitserlood_678_wav_12, UltraSuite_core-ux2020_18M
Zwitserlood_678_wav_13, UltraSuite_core-ux2020_08F
Zwitserlood_678_wav_13, UltraSuite_core-upx_03F
Zwitserlood_678_wav_14, UltraSuite_core-upx_02F
Zwitserlood_678_wav_14, UltraSuite_core-upx_06M
Zwitserlood_678_wav_15, UltraSuite_core-upx_14M
Zwitserlood_678_wav_15, UltraSuite_core-upx_15M
Zwitserlood_678_wav_17, UltraSuite_core-ux2020_13F
Zwitserlood_678_wav_17, UltraSuite_core-ux2020_19M
Zwitserlood_678_wav_18, UltraSuite_core-upx_02F
Zwitserlood_678_wav_18, UltraSuite_core-ux2020_16M
Zwitserlood_678_wav_19, UltraSuite_core-upx_13M
Zwitserlood_678_wav_19, UltraSuite_core-ux2020_26F
Zwitserlood_678_wav_20, UltraSuite_core-ux2020_22M
Zwitserlood_678_wav_20, UltraSuite_core-ux2020_25M
Zwitserlood_678_wav_21, UltraSuite_core-ux2020_15M
Zwitserlood_678_wav_21, UltraSuite_core-ux2020_07M
Zwitserlood_678_wav_23, UltraSuite_core-upx_15M
Zwitserlood_678_wav_23, UltraSuite_core-ux2020_09M
Zwitserlood_678_wav_24, UltraSuite_core-ux2020_18M
Zwitserlood_678_wav_24, UltraSuite_core-upx_18F
Zwitserlood_678_wav_25, UltraSuite_core-ux2020_32M
Zwitserlood_678_wav_25, UltraSuite_core-ux2020_36M
Zwitserlood_678_wav_29, UltraSuite_core-upx_01F
Zwitserlood_678_wav_29, UltraSuite_core-ux2020_29M
Zwitserlood_678_wav_30, UltraSuite_core-ux2020_32M
Zwitserlood_678_wav_30, UltraSuite_core-upx_11M
Zwitserlood_8910_wav_01, UltraSuite_core-ux2020_25M
Zwitserlood_8910_wav_01, UltraSuite_core-ux2020_08F
Zwitserlood_8910_wav_02, UltraSuite_core-ux2020_02F
Zwitserlood_8910_wav_02, UltraSuite_core-upx_18F
Zwitserlood_8910_wav_03, UltraSuite_core-upx_10M
Zwitserlood_8910_wav_03, UltraSuite_core-upx_14M
Zwitserlood_8910_wav_04, UltraSuite_core-ux2020_29M
Zwitserlood_8910_wav_04, UltraSuite_core-ux2020_02F
Zwitserlood_8910_wav_05, UltraSuite_core-upx_07M
Zwitserlood_8910_wav_05, UltraSuite_core-upx_06M
Zwitserlood_8910_wav_09, UltraSuite_core-ux2020_05M
Zwitserlood_8910_wav_09, UltraSuite_core-upx_07M
Zwitserlood_8910_wav_10, UltraSuite_core-ux2020_03M
Zwitserlood_8910_wav_10, UltraSuite_core-ux2020_35M
Zwitserlood_8910_wav_11, UltraSuite_core-ux2020_03M
Zwitserlood_8910_wav_11, UltraSuite_core-ux2020_19M
Zwitserlood_8910_wav_14, UltraSuite_core-upx_17M
Zwitserlood_8910_wav_14, UltraSuite_core-ux2020_32M
Zwitserlood_8910_wav_15, UltraSuite_core-upx_03F
Zwitserlood_8910_wav_15, UltraSuite_core-ux2020_27M
Zwitserlood_8910_wav_17, UltraSuite_core-ux2020_10M
Zwitserlood_8910_wav_17, UltraSuite_core-ux2020_15M
Zwitserlood_8910_wav_18, UltraSuite_core-upx_08M
Zwitserlood_8910_wav_18, UltraSuite_core-ux2020_05M
Zwitserlood_8910_wav_20, UltraSuite_core-upx_06M
Zwitserlood_8910_wav_20, UltraSuite_core-ux2020_16M
Zwitserlood_8910_wav_22, UltraSuite_core-upx_19M
Zwitserlood_8910_wav_22, UltraSuite_core-ux2020_34F
Zwitserlood_8910_wav_23, UltraSuite_core-ux2020_21M
Zwitserlood_8910_wav_23, UltraSuite_core-ux2020_20M
Zwitserlood_8910_wav_24, UltraSuite_core-ux2020_37F
Zwitserlood_8910_wav_24, UltraSuite_core-ux2020_36M
Zwitserlood_8910_wav_25, UltraSuite_core-ux2020_04M
Zwitserlood_8910_wav_25, UltraSuite_core-ux2020_17M
Zwitserlood_8910_wav_26, UltraSuite_core-upx_13M
Zwitserlood_8910_wav_26, UltraSuite_core-ux2020_26F
Zwitserlood_8910_wav_28, UltraSuite_core-upx_05M
Zwitserlood_8910_wav_28, UltraSuite_core-upx_03F
Zwitserlood_8910_wav_29, UltraSuite_core-ux2020_23M
Zwitserlood_8910_wav_29, UltraSuite_core-upx_15M
Zwitserlood_8910_wav_30, UltraSuite_core-ux2020_30F
Zwitserlood_8910_wav_30, UltraSuite_core-upx_19M